﻿<?xml version="1.0" encoding="utf-8" ?>

<Defs>
<!-- 
  <FacialAnimation.FaceAdjustmentDef>
    <defName>ShekFaceSizeAndPositionDef</defName>
    <RaceName>Shek_</RaceName>
    <Size>(1.5,1.5)</Size>    
  </FacialAnimation.FaceAdjustmentDef>
   -->
  <!-- 
<FacialAnimation.FaceAdjustmentDef>
    <defName>HumanFaceSizeAndPositionDef</defName>
    <RaceName>Shek_</RaceName>
    <Size>(1.5,1.5)</Size>
	
    <OffsetNorth>(1,0.1)</OffsetNorth>
    <OffsetEast>(2,0.2)</OffsetEast>
    <OffsetSouth>(3,0.3)</OffsetSouth>
    <OffsetWest>(4,0.4)</OffsetWest>
</FacialAnimation.FaceAdjustmentDef>
-->  
</Defs>