<?xml version="1.0" encoding="utf-8" ?>
 
<Defs>

<FacialAnimation.HeadTypeDef>
<defName>HiverNormal1</defName>
<texPath>Things/Pawn/Hiver1/Heads_Blank/Normal</texPath>
<raceName>Hiver_Prince</raceName>
<shader>Map/CutoutComplex</shader>
</FacialAnimation.HeadTypeDef>


<FacialAnimation.HeadTypeDef>
<defName>HiverPointy1</defName>
<texPath>Things/Pawn/Hiver1/Heads_Blank/Pointy</texPath>
<raceName>Hiver_Queen</raceName>
<gender>Female</gender>
<shader>Map/CutoutComplex</shader>
</FacialAnimation.HeadTypeDef>

<FacialAnimation.HeadTypeDef>
<defName>HiverSquare1</defName>
<texPath>Things/Pawn/Hiver1/Heads_Blank/Square</texPath>
<raceName>Hiver_Worker</raceName>
<shader>Map/CutoutComplex</shader>
</FacialAnimation.HeadTypeDef>

<!--==============================================================================-->
<!--==============================================================================-->
<FacialAnimation.HeadTypeDef>
<defName>HiverNormal2</defName>
<texPath>Things/Pawn/Hiver2/Heads_Blank/Normal</texPath>
<raceName>Hiver_Soldier</raceName>
<shader>Map/CutoutComplex</shader>
</FacialAnimation.HeadTypeDef>

<FacialAnimation.HeadTypeDef>
<defName>HiverPointy2</defName>
<texPath>Things/Pawn/Hiver2/Heads_Blank/Pointy</texPath>
<raceName>Hiver_Soldier</raceName>
<shader>Map/CutoutComplex</shader>
</FacialAnimation.HeadTypeDef>

<FacialAnimation.HeadTypeDef>
<defName>HiverSquare2</defName>
<texPath>Things/Pawn/Hiver2/Heads_Blank/Square</texPath>
<raceName>Hiver_Soldier</raceName>
<shader>Map/CutoutComplex</shader>
</FacialAnimation.HeadTypeDef>

<!--==============================================================================-->
<!--==============================================================================-->

<FacialAnimation.HeadTypeDef>
<defName>HiverNormal3</defName>
<texPath>Things/Pawn/Hiver3/Heads_Blank/Normal</texPath>
<raceName>Hiver_Prince_South</raceName>
<shader>Map/CutoutComplex</shader>
</FacialAnimation.HeadTypeDef>


<FacialAnimation.HeadTypeDef>
<defName>HiverPointy3</defName>
<texPath>Things/Pawn/Hiver3/Heads_Blank/Pointy</texPath>
<raceName>Hiver_Queen_South</raceName>
<gender>Female</gender>
<shader>Map/CutoutComplex</shader>
</FacialAnimation.HeadTypeDef>

<FacialAnimation.HeadTypeDef>
<defName>HiverSquare3</defName>
<texPath>Things/Pawn/Hiver3/Heads_Blank/Square</texPath>
<raceName>Hiver_Worker_South</raceName>
<shader>Map/CutoutComplex</shader>
</FacialAnimation.HeadTypeDef>

<!--==============================================================================-->
<!--==============================================================================-->
<FacialAnimation.HeadTypeDef>
<defName>HiverNormal4</defName>
<texPath>Things/Pawn/Hiver4/Heads_Blank/Normal</texPath>
<raceName>Hiver_Soldier_South</raceName>
<shader>Map/CutoutComplex</shader>
</FacialAnimation.HeadTypeDef>

<FacialAnimation.HeadTypeDef>
<defName>HiverPointy4</defName>
<texPath>Things/Pawn/Hiver4/Heads_Blank/Pointy</texPath>
<raceName>Hiver_Soldier_South</raceName>
<shader>Map/CutoutComplex</shader>
</FacialAnimation.HeadTypeDef>

<FacialAnimation.HeadTypeDef>
<defName>HiverSquare4</defName>
<texPath>Things/Pawn/Hiver4/Heads_Blank/Square</texPath>
<raceName>Hiver_Soldier_South</raceName>
<shader>Map/CutoutComplex</shader>
</FacialAnimation.HeadTypeDef>



</Defs>