<?xml version="1.0" encoding="utf-8" ?>
 
<Defs>


<FacialAnimation.HeadTypeDef>
<defName>shekNormal</defName>
<texPath>Things/Pawn/Shek/Heads_Blank/Normal</texPath>
<raceName>Shek_</raceName>
<shader>Map/CutoutComplex</shader>
</FacialAnimation.HeadTypeDef>


<FacialAnimation.HeadTypeDef>
<defName>shekPointy</defName>
<texPath>Things/Pawn/Shek/Heads_Blank/Pointy</texPath>
<raceName>Shek_</raceName>
<shader>Map/CutoutComplex</shader>
</FacialAnimation.HeadTypeDef>

<FacialAnimation.HeadTypeDef>
<defName>shekSquare</defName>
<texPath>Things/Pawn/Shek/Heads_Blank/Square</texPath>
<raceName>Shek_</raceName>
<shader>Map/CutoutComplex</shader>
</FacialAnimation.HeadTypeDef>

</Defs>