<?xml version="1.0" encoding="utf-8" ?>


<Patch>
	<Operation Class="PatchOperationSequence">
		<success>Always</success>
		<operations>
			<li Class="PatchOperationTest">
				<xpath>/Defs/AlienRace.ThingDef_AlienRace[defName="Shek_"]/comps</xpath>
				<success>Invert</success>
			</li>
			<li Class="PatchOperationAdd">
				<xpath>/Defs/AlienRace.ThingDef_AlienRace[defName="Shek_"]</xpath>
				<value>
					<comps />
				</value>
			</li>
		</operations>
	</Operation>

	<Operation Class="PatchOperationAdd">
		<xpath>/Defs/AlienRace.ThingDef_AlienRace[defName="Shek_"]/comps</xpath>
		<value>
			<li><compClass>FacialAnimation.DrawFaceGraphicsComp</compClass></li>
			<li><compClass>FacialAnimation.HeadControllerComp</compClass></li>
			
			<!-- DELETE THIS IF YOU HATE EYEBROWS -->
			<li><compClass>FacialAnimation.BrowControllerComp</compClass></li> 
			
			
			<li><compClass>FacialAnimation.LidControllerComp</compClass></li>
			<li><compClass>FacialAnimation.MouthControllerComp</compClass></li>
			<!-- <li><compClass>FacialAnimation.SkinControllerComp</compClass></li> -->
			<li><compClass>FacialAnimation.FacialAnimationControllerComp</compClass></li>
		</value>
	</Operation>
</Patch>
