<?xml version="1.0" encoding="utf-8" ?>
<Patch>



	<Operation Class="PatchOperationSequence">
		<success>Always</success>
		<operations>
			<li Class="PatchOperationTest">
				<xpath>/Defs/AlienRace.ThingDef_AlienRace[defName="Hiver_Prince"]/comps</xpath>
				<success>Invert</success>
			</li>
			<li Class="PatchOperationAdd">
				<xpath>/Defs/AlienRace.ThingDef_AlienRace[defName="Hiver_Prince"]</xpath>
				<value>
					<comps />
				</value>
			</li>
		</operations>
	</Operation>

	<Operation Class="PatchOperationAdd">
		<xpath>/Defs/AlienRace.ThingDef_AlienRace[defName="Hiver_Prince"]/comps</xpath>
		<value>
			<li><compClass>FacialAnimation.DrawFaceGraphicsComp</compClass></li>
			<li><compClass>FacialAnimation.HeadControllerComp</compClass></li>
			<!-- <li><compClass>FacialAnimation.LidControllerComp</compClass></li> -->
			<li><compClass>FacialAnimation.MouthControllerComp</compClass></li>
			<!-- <li><compClass>FacialAnimation.SkinControllerComp</compClass></li> -->
			<li><compClass>FacialAnimation.FacialAnimationControllerComp</compClass></li>
		</value>
	</Operation>
	<!--==============================================================================-->
	<!--==============================================================================-->
		<Operation Class="PatchOperationSequence">
		<success>Always</success>
		<operations>
			<li Class="PatchOperationTest">
				<xpath>/Defs/AlienRace.ThingDef_AlienRace[defName="Hiver_Queen"]/comps</xpath>
				<success>Invert</success>
			</li>
			<li Class="PatchOperationAdd">
				<xpath>/Defs/AlienRace.ThingDef_AlienRace[defName="Hiver_Queen"]</xpath>
				<value>
					<comps />
				</value>
			</li>
		</operations>
	</Operation>

	<Operation Class="PatchOperationAdd">
		<xpath>/Defs/AlienRace.ThingDef_AlienRace[defName="Hiver_Queen"]/comps</xpath>
		<value>
			<li><compClass>FacialAnimation.DrawFaceGraphicsComp</compClass></li>
			<li><compClass>FacialAnimation.HeadControllerComp</compClass></li>
			<!-- <li><compClass>FacialAnimation.LidControllerComp</compClass></li> -->
			<li><compClass>FacialAnimation.MouthControllerComp</compClass></li>
			<!-- <li><compClass>FacialAnimation.SkinControllerComp</compClass></li> -->
			<li><compClass>FacialAnimation.FacialAnimationControllerComp</compClass></li>
		</value>
	</Operation>
	<!--==============================================================================-->
	<!--==============================================================================-->

		<Operation Class="PatchOperationSequence">
		<success>Always</success>
		<operations>
			<li Class="PatchOperationTest">
				<xpath>/Defs/AlienRace.ThingDef_AlienRace[defName="Hiver_Worker"]/comps</xpath>
				<success>Invert</success>
			</li>
			<li Class="PatchOperationAdd">
				<xpath>/Defs/AlienRace.ThingDef_AlienRace[defName="Hiver_Worker"]</xpath>
				<value>
					<comps />
				</value>
			</li>
		</operations>
	</Operation>

	<Operation Class="PatchOperationAdd">
		<xpath>/Defs/AlienRace.ThingDef_AlienRace[defName="Hiver_Worker"]/comps</xpath>
		<value>
			<li><compClass>FacialAnimation.DrawFaceGraphicsComp</compClass></li>
			<li><compClass>FacialAnimation.HeadControllerComp</compClass></li>
			<!-- <li><compClass>FacialAnimation.LidControllerComp</compClass></li> -->
			<li><compClass>FacialAnimation.MouthControllerComp</compClass></li>
			<!-- <li><compClass>FacialAnimation.SkinControllerComp</compClass></li> -->
			<li><compClass>FacialAnimation.FacialAnimationControllerComp</compClass></li>
		</value>
	</Operation>
	<!--==============================================================================-->
	<!--==============================================================================-->

		<Operation Class="PatchOperationSequence">
		<success>Always</success>
		<operations>
			<li Class="PatchOperationTest">
				<xpath>/Defs/AlienRace.ThingDef_AlienRace[defName="Hiver_Soldier"]/comps</xpath>
				<success>Invert</success>
			</li>
			<li Class="PatchOperationAdd">
				<xpath>/Defs/AlienRace.ThingDef_AlienRace[defName="Hiver_Soldier"]</xpath>
				<value>
					<comps />
				</value>
			</li>
		</operations>
	</Operation>

	<Operation Class="PatchOperationAdd">
		<xpath>/Defs/AlienRace.ThingDef_AlienRace[defName="Hiver_Soldier"]/comps</xpath>
		<value>
			<li><compClass>FacialAnimation.DrawFaceGraphicsComp</compClass></li>
			<li><compClass>FacialAnimation.HeadControllerComp</compClass></li>
			<!-- <li><compClass>FacialAnimation.LidControllerComp</compClass></li> -->
			<li><compClass>FacialAnimation.MouthControllerComp</compClass></li>
			<!-- <li><compClass>FacialAnimation.SkinControllerComp</compClass></li> -->
			<li><compClass>FacialAnimation.FacialAnimationControllerComp</compClass></li>
		</value>
	</Operation>
	<!--==============================================================================-->
	
	
	


	<Operation Class="PatchOperationSequence">
		<success>Always</success>
		<operations>
			<li Class="PatchOperationTest">
				<xpath>/Defs/AlienRace.ThingDef_AlienRace[defName="Hiver_Prince_South"]/comps</xpath>
				<success>Invert</success>
			</li>
			<li Class="PatchOperationAdd">
				<xpath>/Defs/AlienRace.ThingDef_AlienRace[defName="Hiver_Prince_South"]</xpath>
				<value>
					<comps />
				</value>
			</li>
		</operations>
	</Operation>

	<Operation Class="PatchOperationAdd">
		<xpath>/Defs/AlienRace.ThingDef_AlienRace[defName="Hiver_Prince_South"]/comps</xpath>
		<value>
			<li><compClass>FacialAnimation.DrawFaceGraphicsComp</compClass></li>
			<li><compClass>FacialAnimation.HeadControllerComp</compClass></li>
			<!-- <li><compClass>FacialAnimation.LidControllerComp</compClass></li> -->
			<li><compClass>FacialAnimation.MouthControllerComp</compClass></li>
			<!-- <li><compClass>FacialAnimation.SkinControllerComp</compClass></li> -->
			<li><compClass>FacialAnimation.FacialAnimationControllerComp</compClass></li>
		</value>
	</Operation>
	<!--==============================================================================-->
	<!--==============================================================================-->
		<Operation Class="PatchOperationSequence">
		<success>Always</success>
		<operations>
			<li Class="PatchOperationTest">
				<xpath>/Defs/AlienRace.ThingDef_AlienRace[defName="Hiver_Queen_South"]/comps</xpath>
				<success>Invert</success>
			</li>
			<li Class="PatchOperationAdd">
				<xpath>/Defs/AlienRace.ThingDef_AlienRace[defName="Hiver_Queen_South"]</xpath>
				<value>
					<comps />
				</value>
			</li>
		</operations>
	</Operation>

	<Operation Class="PatchOperationAdd">
		<xpath>/Defs/AlienRace.ThingDef_AlienRace[defName="Hiver_Queen_South"]/comps</xpath>
		<value>
			<li><compClass>FacialAnimation.DrawFaceGraphicsComp</compClass></li>
			<li><compClass>FacialAnimation.HeadControllerComp</compClass></li>
			<!-- <li><compClass>FacialAnimation.LidControllerComp</compClass></li> -->
			<li><compClass>FacialAnimation.MouthControllerComp</compClass></li>
			<!-- <li><compClass>FacialAnimation.SkinControllerComp</compClass></li> -->
			<li><compClass>FacialAnimation.FacialAnimationControllerComp</compClass></li>
		</value>
	</Operation>
	<!--==============================================================================-->
	<!--==============================================================================-->

		<Operation Class="PatchOperationSequence">
		<success>Always</success>
		<operations>
			<li Class="PatchOperationTest">
				<xpath>/Defs/AlienRace.ThingDef_AlienRace[defName="Hiver_Worker_South"]/comps</xpath>
				<success>Invert</success>
			</li>
			<li Class="PatchOperationAdd">
				<xpath>/Defs/AlienRace.ThingDef_AlienRace[defName="Hiver_Worker_South"]</xpath>
				<value>
					<comps />
				</value>
			</li>
		</operations>
	</Operation>

	<Operation Class="PatchOperationAdd">
		<xpath>/Defs/AlienRace.ThingDef_AlienRace[defName="Hiver_Worker_South"]/comps</xpath>
		<value>
			<li><compClass>FacialAnimation.DrawFaceGraphicsComp</compClass></li>
			<li><compClass>FacialAnimation.HeadControllerComp</compClass></li>
			<!-- <li><compClass>FacialAnimation.LidControllerComp</compClass></li> -->
			<li><compClass>FacialAnimation.MouthControllerComp</compClass></li>
			<!-- <li><compClass>FacialAnimation.SkinControllerComp</compClass></li> -->
			<li><compClass>FacialAnimation.FacialAnimationControllerComp</compClass></li>
		</value>
	</Operation>
	<!--==============================================================================-->
	<!--==============================================================================-->

		<Operation Class="PatchOperationSequence">
		<success>Always</success>
		<operations>
			<li Class="PatchOperationTest">
				<xpath>/Defs/AlienRace.ThingDef_AlienRace[defName="Hiver_Soldier_South"]/comps</xpath>
				<success>Invert</success>
			</li>
			<li Class="PatchOperationAdd">
				<xpath>/Defs/AlienRace.ThingDef_AlienRace[defName="Hiver_Soldier_South"]</xpath>
				<value>
					<comps />
				</value>
			</li>
		</operations>
	</Operation>

	<Operation Class="PatchOperationAdd">
		<xpath>/Defs/AlienRace.ThingDef_AlienRace[defName="Hiver_Soldier_South"]/comps</xpath>
		<value>
			<li><compClass>FacialAnimation.DrawFaceGraphicsComp</compClass></li>
			<li><compClass>FacialAnimation.HeadControllerComp</compClass></li>
			<!-- <li><compClass>FacialAnimation.LidControllerComp</compClass></li> -->
			<li><compClass>FacialAnimation.MouthControllerComp</compClass></li>
			<!-- <li><compClass>FacialAnimation.SkinControllerComp</compClass></li> -->
			<li><compClass>FacialAnimation.FacialAnimationControllerComp</compClass></li>
		</value>
	</Operation>
	<!--==============================================================================-->	
</Patch>