<?xml version="1.0" encoding="utf-8"?>
<ModMetaData>
	<name>ShekHiver Facial Patch</name>
	<author>HMarlowe</author>
	<supportedVersions>
		<li>1.2</li>
		<li>1.3</li>
	</supportedVersions>
	<packageId>HM.shekhivefaces</packageId>
	<modDependencies>
		<li>
			<packageId>Nals.FacialAnimation</packageId>
			<displayName>[NL] Facial Animation - WIP</displayName>
			<steamWorkshopUrl>https://steamcommunity.com/sharedfiles/filedetails/?id=1635901197</steamWorkshopUrl>
		</li>
	</modDependencies>
	<loadAfter>
		<li>erdelf.HumanoidAlienRaces</li>
		<li>Nals.FacialAnimation</li>
	</loadAfter>
	<description>
	Patches sheks and hivers to use facial animations.
	Hivers get mouths and sheks get eyes, mouths and eyebrows.
	"if you dont think sheks should have eyebrows delete the line of code inside the patch folder"
	Use the retexture made by Oracle of Thessia!
	</description>
</ModMetaData>